"","X","sixh","country","tweets","igtweets","hoaxsh","date"
"1",1,"2020-01-01","other",40,0,0,"2020-01-01"
"2",2,"2020-01-01","UK",1,0,0,"2020-01-01"
"3",3,"2020-01-01","US",70,0,0,"2020-01-01"
"4",4,"2020-01-02","other",274,0,0,"2020-01-02"
"5",5,"2020-01-02","UK",1,0,0,"2020-01-02"
"6",6,"2020-01-02","US",3,0,0,"2020-01-02"
"7",7,"2020-01-03","other",52,0,0,"2020-01-03"
"8",8,"2020-01-03","UK",1,0,0,"2020-01-03"
"9",9,"2020-01-03","US",14,0,0,"2020-01-03"
"10",10,"2020-01-04","other",152,0,0,"2020-01-04"
"11",11,"2020-01-04","US",17,0,0,"2020-01-04"
"12",12,"2020-01-05","other",173,0,0,"2020-01-05"
"13",13,"2020-01-05","UK",1,0,0,"2020-01-05"
"14",14,"2020-01-05","US",93,0,0,"2020-01-05"
"15",15,"2020-01-06","other",73,0,0,"2020-01-06"
"16",16,"2020-01-06","US",26,0,0,"2020-01-06"
"17",17,"2020-01-07","other",102,0,0,"2020-01-07"
"18",18,"2020-01-07","UK",7,0,0,"2020-01-07"
"19",19,"2020-01-07","US",15,0,0,"2020-01-07"
"20",20,"2020-01-08","other",155,0,0,"2020-01-08"
"21",21,"2020-01-08","UK",16,0,0,"2020-01-08"
"22",22,"2020-01-08","US",6,0,0,"2020-01-08"
"23",23,"2020-01-09","other",142,0,0,"2020-01-09"
"24",24,"2020-01-09","UK",2,0,0,"2020-01-09"
"25",25,"2020-01-09","US",212,0,0,"2020-01-09"
"26",26,"2020-01-10","other",200,0,0,"2020-01-10"
"27",27,"2020-01-10","UK",1,0,0,"2020-01-10"
"28",28,"2020-01-10","US",35,0,0,"2020-01-10"
"29",29,"2020-01-11","other",129,0,0,"2020-01-11"
"30",30,"2020-01-11","UK",1,0,0,"2020-01-11"
"31",31,"2020-01-11","US",51,0,0,"2020-01-11"
"32",32,"2020-01-12","other",121,0,0,"2020-01-12"
"33",33,"2020-01-12","US",5,0,0,"2020-01-12"
"34",34,"2020-01-13","other",159,0,0,"2020-01-13"
"35",35,"2020-01-13","US",6,0,0,"2020-01-13"
"36",36,"2020-01-14","other",127,0,0,"2020-01-14"
"37",37,"2020-01-14","US",56,0,0,"2020-01-14"
"38",38,"2020-01-15","other",176,0,0,"2020-01-15"
"39",39,"2020-01-15","UK",3,0,0,"2020-01-15"
"40",40,"2020-01-15","US",27,0,0,"2020-01-15"
"41",41,"2020-01-16","other",312,0,0,"2020-01-16"
"42",42,"2020-01-16","US",167,0,0,"2020-01-16"
"43",43,"2020-01-17","other",297,0,0,"2020-01-17"
"44",44,"2020-01-17","UK",2,0,0,"2020-01-17"
"45",45,"2020-01-17","US",189,0,0,"2020-01-17"
"46",46,"2020-01-18","other",262,0,0,"2020-01-18"
"47",47,"2020-01-18","UK",4,0,0,"2020-01-18"
"48",48,"2020-01-18","US",17,0,0,"2020-01-18"
"49",49,"2020-01-19","other",178,0,0,"2020-01-19"
"50",50,"2020-01-19","UK",18,0,0,"2020-01-19"
"51",51,"2020-01-19","US",10,0,0,"2020-01-19"
"52",52,"2020-01-20","other",541,0,0,"2020-01-20"
"53",53,"2020-01-20","UK",10,0,0,"2020-01-20"
"54",54,"2020-01-20","US",30,0,0,"2020-01-20"
"55",55,"2020-01-21","other",1191,0,0,"2020-01-21"
"56",56,"2020-01-21","UK",15,0,0,"2020-01-21"
"57",57,"2020-01-21","US",275,0,0,"2020-01-21"
"58",58,"2020-01-22","other",2929,1,0.0341413451689997,"2020-01-22"
"59",59,"2020-01-22","UK",65,0,0,"2020-01-22"
"60",60,"2020-01-22","US",214,0,0,"2020-01-22"
"61",61,"2020-01-23","other",4841,0,0,"2020-01-23"
"62",62,"2020-01-23","UK",108,0,0,"2020-01-23"
"63",63,"2020-01-23","US",498,0,0,"2020-01-23"
"64",64,"2020-01-24","other",5356,0,0,"2020-01-24"
"65",65,"2020-01-24","UK",240,0,0,"2020-01-24"
"66",66,"2020-01-24","US",525,0,0,"2020-01-24"
"67",67,"2020-01-25","other",9049,3,0.0331528345673555,"2020-01-25"
"68",68,"2020-01-25","UK",142,0,0,"2020-01-25"
"69",69,"2020-01-25","US",444,0,0,"2020-01-25"
"70",70,"2020-01-26","other",12513,1,0.00799168864381044,"2020-01-26"
"71",71,"2020-01-26","UK",122,0,0,"2020-01-26"
"72",72,"2020-01-26","US",594,0,0,"2020-01-26"
"73",73,"2020-01-27","other",9965,0,0,"2020-01-27"
"74",74,"2020-01-27","UK",199,0,0,"2020-01-27"
"75",75,"2020-01-27","US",676,0,0,"2020-01-27"
"76",76,"2020-01-28","other",9930,8,0.080563947633434,"2020-01-28"
"77",77,"2020-01-28","UK",154,0,0,"2020-01-28"
"78",78,"2020-01-28","US",685,0,0,"2020-01-28"
"79",79,"2020-01-29","other",10773,1,0.0092824654228163,"2020-01-29"
"80",80,"2020-01-29","UK",198,0,0,"2020-01-29"
"81",81,"2020-01-29","US",1118,12,1.07334525939177,"2020-01-29"
"82",82,"2020-01-30","other",12864,0,0,"2020-01-30"
"83",83,"2020-01-30","UK",558,0,0,"2020-01-30"
"84",84,"2020-01-30","US",1042,0,0,"2020-01-30"
"85",85,"2020-01-31","other",12226,1,0.00817929003762474,"2020-01-31"
"86",86,"2020-01-31","UK",367,0,0,"2020-01-31"
"87",87,"2020-01-31","US",1148,0,0,"2020-01-31"
"88",88,"2020-02-01","other",7105,2,0.0281491907107671,"2020-02-01"
"89",89,"2020-02-01","UK",182,0,0,"2020-02-01"
"90",90,"2020-02-01","US",665,0,0,"2020-02-01"
"91",91,"2020-02-02","other",7569,0,0,"2020-02-02"
"92",92,"2020-02-02","UK",167,0,0,"2020-02-02"
"93",93,"2020-02-02","US",625,0,0,"2020-02-02"
"94",94,"2020-02-03","other",6788,20,0.294637595757219,"2020-02-03"
"95",95,"2020-02-03","UK",269,0,0,"2020-02-03"
"96",96,"2020-02-03","US",453,1,0.22075055187638,"2020-02-03"
"97",97,"2020-02-04","other",6172,1,0.016202203499676,"2020-02-04"
"98",98,"2020-02-04","UK",213,0,0,"2020-02-04"
"99",99,"2020-02-04","US",411,0,0,"2020-02-04"
"100",100,"2020-02-05","other",5087,10,0.19657951641439,"2020-02-05"
"101",101,"2020-02-05","UK",265,0,0,"2020-02-05"
"102",102,"2020-02-05","US",391,0,0,"2020-02-05"
"103",103,"2020-02-06","other",6054,1,0.0165180046250413,"2020-02-06"
"104",104,"2020-02-06","UK",131,0,0,"2020-02-06"
"105",105,"2020-02-06","US",607,0,0,"2020-02-06"
"106",106,"2020-02-07","other",6974,1,0.0143389733295096,"2020-02-07"
"107",107,"2020-02-07","UK",266,0,0,"2020-02-07"
"108",108,"2020-02-07","US",735,0,0,"2020-02-07"
"109",109,"2020-02-08","other",5281,1,0.0189358076121947,"2020-02-08"
"110",110,"2020-02-08","UK",83,0,0,"2020-02-08"
"111",111,"2020-02-08","US",514,0,0,"2020-02-08"
"112",112,"2020-02-09","other",4783,0,0,"2020-02-09"
"113",113,"2020-02-09","UK",169,0,0,"2020-02-09"
"114",114,"2020-02-09","US",239,0,0,"2020-02-09"
"115",115,"2020-02-10","other",5201,0,0,"2020-02-10"
"116",116,"2020-02-10","UK",172,0,0,"2020-02-10"
"117",117,"2020-02-10","US",570,0,0,"2020-02-10"
"118",118,"2020-02-11","other",5143,0,0,"2020-02-11"
"119",119,"2020-02-11","UK",114,0,0,"2020-02-11"
"120",120,"2020-02-11","US",477,0,0,"2020-02-11"
"121",121,"2020-02-12","other",5294,0,0,"2020-02-12"
"122",122,"2020-02-12","UK",351,0,0,"2020-02-12"
"123",123,"2020-02-12","US",409,0,0,"2020-02-12"
"124",124,"2020-02-13","other",5078,0,0,"2020-02-13"
"125",125,"2020-02-13","UK",143,0,0,"2020-02-13"
"126",126,"2020-02-13","US",489,0,0,"2020-02-13"
"127",127,"2020-02-14","other",3543,1,0.0282246683601468,"2020-02-14"
"128",128,"2020-02-14","UK",167,0,0,"2020-02-14"
"129",129,"2020-02-14","US",607,0,0,"2020-02-14"
"130",130,"2020-02-15","other",3354,8,0.238521168753727,"2020-02-15"
"131",131,"2020-02-15","UK",126,0,0,"2020-02-15"
"132",132,"2020-02-15","US",2124,0,0,"2020-02-15"
"133",133,"2020-02-16","other",3352,0,0,"2020-02-16"
"134",134,"2020-02-16","UK",85,0,0,"2020-02-16"
"135",135,"2020-02-16","US",836,1,0.119617224880383,"2020-02-16"
"136",136,"2020-02-17","other",3427,0,0,"2020-02-17"
"137",137,"2020-02-17","UK",74,0,0,"2020-02-17"
"138",138,"2020-02-17","US",581,1,0.172117039586919,"2020-02-17"
"139",139,"2020-02-18","other",3766,0,0,"2020-02-18"
"140",140,"2020-02-18","UK",110,0,0,"2020-02-18"
"141",141,"2020-02-18","US",582,0,0,"2020-02-18"
"142",142,"2020-02-19","other",4149,0,0,"2020-02-19"
"143",143,"2020-02-19","UK",186,0,0,"2020-02-19"
"144",144,"2020-02-19","US",925,0,0,"2020-02-19"
"145",145,"2020-02-20","other",3075,0,0,"2020-02-20"
"146",146,"2020-02-20","UK",102,0,0,"2020-02-20"
"147",147,"2020-02-20","US",402,1,0.248756218905473,"2020-02-20"
"148",148,"2020-02-21","other",4605,0,0,"2020-02-21"
"149",149,"2020-02-21","UK",84,0,0,"2020-02-21"
"150",150,"2020-02-21","US",727,0,0,"2020-02-21"
"151",151,"2020-02-22","other",5717,0,0,"2020-02-22"
"152",152,"2020-02-22","UK",74,0,0,"2020-02-22"
"153",153,"2020-02-22","US",1203,0,0,"2020-02-22"
"154",154,"2020-02-23","other",7014,0,0,"2020-02-23"
"155",155,"2020-02-23","UK",321,0,0,"2020-02-23"
"156",156,"2020-02-23","US",271,0,0,"2020-02-23"
"157",157,"2020-02-24","other",11159,2,0.0179227529348508,"2020-02-24"
"158",158,"2020-02-24","UK",229,0,0,"2020-02-24"
"159",159,"2020-02-24","US",1113,0,0,"2020-02-24"
"160",160,"2020-02-25","other",16206,0,0,"2020-02-25"
"161",161,"2020-02-25","UK",326,0,0,"2020-02-25"
"162",162,"2020-02-25","US",1247,0,0,"2020-02-25"
"163",163,"2020-02-26","other",21233,0,0,"2020-02-26"
"164",164,"2020-02-26","UK",273,0,0,"2020-02-26"
"165",165,"2020-02-26","US",1743,0,0,"2020-02-26"
"166",166,"2020-02-27","other",24322,5,0.0205575199407943,"2020-02-27"
"167",167,"2020-02-27","UK",620,0,0,"2020-02-27"
"168",168,"2020-02-27","US",3906,0,0,"2020-02-27"
"169",169,"2020-02-28","other",31958,8,0.0250328556230052,"2020-02-28"
"170",170,"2020-02-28","UK",656,0,0,"2020-02-28"
"171",171,"2020-02-28","US",3595,0,0,"2020-02-28"
"172",172,"2020-02-29","other",24515,95,0.387517846216602,"2020-02-29"
"173",173,"2020-02-29","UK",724,0,0,"2020-02-29"
"174",174,"2020-02-29","US",5695,37,0.649692712906058,"2020-02-29"
"175",175,"2020-03-01","other",17562,26,0.148046919485252,"2020-03-01"
"176",176,"2020-03-01","UK",506,1,0.197628458498024,"2020-03-01"
"177",177,"2020-03-01","US",3190,5,0.156739811912226,"2020-03-01"
"178",178,"2020-03-02","other",33212,6,0.0180657593640853,"2020-03-02"
"179",179,"2020-03-02","UK",1100,2,0.181818181818182,"2020-03-02"
"180",180,"2020-03-02","US",4684,2,0.0426985482493595,"2020-03-02"
"181",181,"2020-03-03","other",32457,6,0.0184859968573805,"2020-03-03"
"182",182,"2020-03-03","UK",1131,0,0,"2020-03-03"
"183",183,"2020-03-03","US",4566,0,0,"2020-03-03"
"184",184,"2020-03-04","other",29336,4,0.0136351240796291,"2020-03-04"
"185",185,"2020-03-04","UK",999,0,0,"2020-03-04"
"186",186,"2020-03-04","US",5132,0,0,"2020-03-04"
"187",187,"2020-03-05","other",31873,2,0.00627490352335833,"2020-03-05"
"188",188,"2020-03-05","UK",1364,0,0,"2020-03-05"
"189",189,"2020-03-05","US",6828,13,0.190392501464558,"2020-03-05"
"190",190,"2020-03-06","other",29155,1,0.0034299434059338,"2020-03-06"
"191",191,"2020-03-06","UK",1009,0,0,"2020-03-06"
"192",192,"2020-03-06","US",7227,1,0.01383700013837,"2020-03-06"
"193",193,"2020-03-07","other",26377,3,0.0113735451340183,"2020-03-07"
"194",194,"2020-03-07","UK",1204,0,0,"2020-03-07"
"195",195,"2020-03-07","US",6015,0,0,"2020-03-07"
"196",196,"2020-03-08","other",27861,4,0.0143569864685403,"2020-03-08"
"197",197,"2020-03-08","UK",833,0,0,"2020-03-08"
"198",198,"2020-03-08","US",5617,0,0,"2020-03-08"
"199",199,"2020-03-09","other",39439,8,0.0202844899718553,"2020-03-09"
"200",200,"2020-03-09","UK",1803,0,0,"2020-03-09"
"201",201,"2020-03-09","US",7807,0,0,"2020-03-09"
"202",202,"2020-03-10","other",55805,5,0.00895977062987187,"2020-03-10"
"203",203,"2020-03-10","UK",1985,0,0,"2020-03-10"
"204",204,"2020-03-10","US",11085,0,0,"2020-03-10"
"205",205,"2020-03-11","other",72037,14,0.0194344572927801,"2020-03-11"
"206",206,"2020-03-11","UK",2487,0,0,"2020-03-11"
"207",207,"2020-03-11","US",13184,0,0,"2020-03-11"
"208",208,"2020-03-12","other",131956,13,0.00985176877140865,"2020-03-12"
"209",209,"2020-03-12","UK",4239,0,0,"2020-03-12"
"210",210,"2020-03-12","US",23618,0,0,"2020-03-12"
"211",211,"2020-03-13","other",150155,25,0.0166494622223702,"2020-03-13"
"212",212,"2020-03-13","UK",5345,0,0,"2020-03-13"
"213",213,"2020-03-13","US",23691,0,0,"2020-03-13"
"214",214,"2020-03-14","other",141403,9,0.00636478716858907,"2020-03-14"
"215",215,"2020-03-14","UK",4687,0,0,"2020-03-14"
"216",216,"2020-03-14","US",17729,2,0.0112809521123583,"2020-03-14"
"217",217,"2020-03-15","other",145946,20,0.0137036986282598,"2020-03-15"
"218",218,"2020-03-15","UK",4667,0,0,"2020-03-15"
"219",219,"2020-03-15","US",16321,1,0.00612707554684149,"2020-03-15"
"220",220,"2020-03-16","other",166798,33,0.0197844098850106,"2020-03-16"
"221",221,"2020-03-16","UK",5996,0,0,"2020-03-16"
"222",222,"2020-03-16","US",21510,1,0.00464900046490005,"2020-03-16"
"223",223,"2020-03-17","other",176666,20,0.0113207974369715,"2020-03-17"
"224",224,"2020-03-17","UK",6287,0,0,"2020-03-17"
"225",225,"2020-03-17","US",20129,1,0.00496795667941776,"2020-03-17"
"226",226,"2020-03-18","other",172551,37,0.0214429357117606,"2020-03-18"
"227",227,"2020-03-18","UK",7152,0,0,"2020-03-18"
"228",228,"2020-03-18","US",19902,1,0.00502462064114159,"2020-03-18"
"229",229,"2020-03-19","other",184429,268,0.14531337262578,"2020-03-19"
"230",230,"2020-03-19","UK",6339,3,0.0473260766682442,"2020-03-19"
"231",231,"2020-03-19","US",20260,18,0.0888450148075025,"2020-03-19"
"232",232,"2020-03-20","other",177406,391,0.220398408171088,"2020-03-20"
"233",233,"2020-03-20","UK",5573,6,0.107661941503678,"2020-03-20"
"234",234,"2020-03-20","US",19017,48,0.252405742230636,"2020-03-20"
"235",235,"2020-03-21","other",172579,253,0.146599528331952,"2020-03-21"
"236",236,"2020-03-21","UK",5232,11,0.210244648318043,"2020-03-21"
"237",237,"2020-03-21","US",15229,35,0.229824676603848,"2020-03-21"
"238",238,"2020-03-22","other",179048,218,0.121755060095617,"2020-03-22"
"239",239,"2020-03-22","UK",5986,5,0.0835282325425994,"2020-03-22"
"240",240,"2020-03-22","US",15150,37,0.244224422442244,"2020-03-22"
"241",241,"2020-03-23","other",466719,236,0.0505657579828548,"2020-03-23"
"242",242,"2020-03-23","UK",14710,5,0.0339904826648538,"2020-03-23"
"243",243,"2020-03-23","US",35948,40,0.11127183709803,"2020-03-23"
"244",244,"2020-03-24","other",747559,281,0.0375890063526758,"2020-03-24"
"245",245,"2020-03-24","UK",15197,0,0,"2020-03-24"
"246",246,"2020-03-24","US",80437,60,0.0745925382597561,"2020-03-24"
"247",247,"2020-03-25","other",950537,1406,0.147916388315237,"2020-03-25"
"248",248,"2020-03-25","UK",21087,45,0.213401621852326,"2020-03-25"
"249",249,"2020-03-25","US",113542,144,0.126825315742192,"2020-03-25"
"250",250,"2020-03-26","other",1152441,697,0.0604803195998754,"2020-03-26"
"251",251,"2020-03-26","UK",23523,10,0.0425115844067508,"2020-03-26"
"252",252,"2020-03-26","US",143556,96,0.0668728579787679,"2020-03-26"
"253",253,"2020-03-27","other",433976,315,0.0725846590594872,"2020-03-27"
"254",254,"2020-03-27","UK",10860,11,0.101289134438306,"2020-03-27"
"255",255,"2020-03-27","US",47319,33,0.0697394281366893,"2020-03-27"
"256",256,"2020-03-28","other",165948,377,0.227179598428423,"2020-03-28"
"257",257,"2020-03-28","UK",4922,14,0.284437220642015,"2020-03-28"
"258",258,"2020-03-28","US",14355,24,0.167189132706374,"2020-03-28"
"259",259,"2020-03-29","other",305142,1605,0.525984623552313,"2020-03-29"
"260",260,"2020-03-29","UK",7343,112,1.52526215443279,"2020-03-29"
"261",261,"2020-03-29","US",33771,71,0.210239554647479,"2020-03-29"
"262",262,"2020-03-30","other",395545,2276,0.5754086134321,"2020-03-30"
"263",263,"2020-03-30","UK",11144,61,0.547379755922469,"2020-03-30"
"264",264,"2020-03-30","US",43266,162,0.374427957287477,"2020-03-30"
"265",265,"2020-03-31","other",531063,1151,0.216735114289642,"2020-03-31"
"266",266,"2020-03-31","UK",11095,35,0.315457413249211,"2020-03-31"
"267",267,"2020-03-31","US",62978,158,0.250881260122582,"2020-03-31"
"268",268,"2020-04-01","other",518939,708,0.136432220357306,"2020-04-01"
"269",269,"2020-04-01","UK",11740,17,0.144804088586031,"2020-04-01"
"270",270,"2020-04-01","US",50426,72,0.142783484710268,"2020-04-01"
"271",271,"2020-04-02","other",516013,649,0.125772025123398,"2020-04-02"
"272",272,"2020-04-02","UK",12302,22,0.178832710128434,"2020-04-02"
"273",273,"2020-04-02","US",37023,49,0.132350160710909,"2020-04-02"
"274",274,"2020-04-03","other",561218,884,0.157514548713691,"2020-04-03"
"275",275,"2020-04-03","UK",13216,39,0.295096852300242,"2020-04-03"
"276",276,"2020-04-03","US",40835,53,0.129790620790988,"2020-04-03"
"277",277,"2020-04-04","other",683653,1149,0.168067718564827,"2020-04-04"
"278",278,"2020-04-04","UK",13608,20,0.146972369194591,"2020-04-04"
"279",279,"2020-04-04","US",41127,81,0.196950908162521,"2020-04-04"
"280",280,"2020-04-05","other",686825,704,0.102500636989044,"2020-04-05"
"281",281,"2020-04-05","UK",14865,11,0.0739993272788429,"2020-04-05"
"282",282,"2020-04-05","US",40750,40,0.098159509202454,"2020-04-05"
"283",283,"2020-04-06","other",693925,1010,0.145548870555175,"2020-04-06"
"284",284,"2020-04-06","UK",17533,18,0.102663548736668,"2020-04-06"
"285",285,"2020-04-06","US",45470,58,0.127556630745547,"2020-04-06"
"286",286,"2020-04-07","other",678864,768,0.113130170402319,"2020-04-07"
"287",287,"2020-04-07","UK",16505,25,0.151469251741896,"2020-04-07"
"288",288,"2020-04-07","US",46603,52,0.111580799519344,"2020-04-07"
"289",289,"2020-04-08","other",674679,694,0.102863732234144,"2020-04-08"
"290",290,"2020-04-08","UK",16679,28,0.167875771928773,"2020-04-08"
"291",291,"2020-04-08","US",45852,34,0.0741516182500218,"2020-04-08"
"292",292,"2020-04-09","other",677816,747,0.110206899807617,"2020-04-09"
"293",293,"2020-04-09","UK",18664,9,0.0482211744534934,"2020-04-09"
"294",294,"2020-04-09","US",46110,41,0.0889178052483192,"2020-04-09"
"295",295,"2020-04-10","other",653864,756,0.115620373655684,"2020-04-10"
"296",296,"2020-04-10","UK",15291,13,0.0850173304558237,"2020-04-10"
"297",297,"2020-04-10","US",43293,39,0.0900838472732312,"2020-04-10"
"298",298,"2020-04-11","other",639564,510,0.0797418241176802,"2020-04-11"
"299",299,"2020-04-11","UK",16216,19,0.117168228909719,"2020-04-11"
"300",300,"2020-04-11","US",36132,26,0.0719583748477804,"2020-04-11"
"301",301,"2020-04-12","other",461397,668,0.144777707700744,"2020-04-12"
"302",302,"2020-04-12","UK",11489,15,0.130559665767256,"2020-04-12"
"303",303,"2020-04-12","US",24510,38,0.155038759689922,"2020-04-12"
"304",304,"2020-04-13","other",378031,926,0.244953456198037,"2020-04-13"
"305",305,"2020-04-13","UK",8736,16,0.183150183150183,"2020-04-13"
"306",306,"2020-04-13","US",28869,59,0.2043714711282,"2020-04-13"
"307",307,"2020-04-14","other",669304,620,0.0926335417089992,"2020-04-14"
"308",308,"2020-04-14","UK",16116,14,0.0868701911144204,"2020-04-14"
"309",309,"2020-04-14","US",40055,44,0.109848957683186,"2020-04-14"
"310",310,"2020-04-15","other",651436,605,0.0928717479537514,"2020-04-15"
"311",311,"2020-04-15","UK",17111,11,0.0642861317281281,"2020-04-15"
"312",312,"2020-04-15","US",43970,26,0.0591312258357971,"2020-04-15"
"313",313,"2020-04-16","other",665757,555,0.0833637498366521,"2020-04-16"
"314",314,"2020-04-16","UK",16404,21,0.128017556693489,"2020-04-16"
"315",315,"2020-04-16","US",41495,29,0.06988793830582,"2020-04-16"
"316",316,"2020-04-17","other",656176,406,0.0618736436565799,"2020-04-17"
"317",317,"2020-04-17","UK",16651,11,0.0660620983724701,"2020-04-17"
"318",318,"2020-04-17","US",40853,18,0.0440604117200695,"2020-04-17"
"319",319,"2020-04-18","other",653776,363,0.0555236044149678,"2020-04-18"
"320",320,"2020-04-18","UK",15805,3,0.0189813350205631,"2020-04-18"
"321",321,"2020-04-18","US",34895,29,0.0831064622438745,"2020-04-18"
"322",322,"2020-04-19","other",644551,400,0.0620587044314569,"2020-04-19"
"323",323,"2020-04-19","UK",16508,16,0.0969227041434456,"2020-04-19"
"324",324,"2020-04-19","US",34750,54,0.155395683453237,"2020-04-19"
"325",325,"2020-04-20","other",649417,400,0.0615937063550846,"2020-04-20"
"326",326,"2020-04-20","UK",17141,14,0.0816755148474418,"2020-04-20"
"327",327,"2020-04-20","US",41397,29,0.0700533855110274,"2020-04-20"
"328",328,"2020-04-21","other",650271,416,0.0639733280432312,"2020-04-21"
"329",329,"2020-04-21","UK",16795,19,0.113128907412921,"2020-04-21"
"330",330,"2020-04-21","US",40910,20,0.0488878024932779,"2020-04-21"
"331",331,"2020-04-22","other",646944,474,0.0732675471138151,"2020-04-22"
"332",332,"2020-04-22","UK",16026,18,0.112317484088356,"2020-04-22"
"333",333,"2020-04-22","US",43129,30,0.0695587655637738,"2020-04-22"
"334",334,"2020-04-23","other",654569,779,0.119009607848829,"2020-04-23"
"335",335,"2020-04-23","UK",15891,34,0.213957586055,"2020-04-23"
"336",336,"2020-04-23","US",41034,54,0.131598186869425,"2020-04-23"
"337",337,"2020-04-24","other",647041,780,0.12054877511626,"2020-04-24"
"338",338,"2020-04-24","UK",16500,54,0.327272727272727,"2020-04-24"
"339",339,"2020-04-24","US",43592,42,0.0963479537529822,"2020-04-24"
"340",340,"2020-04-25","other",635302,905,0.142451936244495,"2020-04-25"
"341",341,"2020-04-25","UK",15285,71,0.464507687275106,"2020-04-25"
"342",342,"2020-04-25","US",35485,75,0.211356911371002,"2020-04-25"
"343",343,"2020-04-26","other",639502,1202,0.187958755406551,"2020-04-26"
"344",344,"2020-04-26","UK",14139,55,0.38899497842846,"2020-04-26"
"345",345,"2020-04-26","US",34519,94,0.272313798198094,"2020-04-26"
"346",346,"2020-04-27","other",640577,1165,0.181867285275619,"2020-04-27"
"347",347,"2020-04-27","UK",18061,35,0.193787719395382,"2020-04-27"
"348",348,"2020-04-27","US",37173,84,0.225970462432411,"2020-04-27"
"349",349,"2020-04-28","other",645671,1279,0.198088500180432,"2020-04-28"
"350",350,"2020-04-28","UK",18945,50,0.263921879123779,"2020-04-28"
"351",351,"2020-04-28","US",40248,102,0.253428741800835,"2020-04-28"
"352",352,"2020-04-29","other",641498,1217,0.189712204870475,"2020-04-29"
"353",353,"2020-04-29","UK",16550,49,0.29607250755287,"2020-04-29"
"354",354,"2020-04-29","US",40436,127,0.31407656543674,"2020-04-29"
"355",355,"2020-04-30","other",653125,1345,0.205933014354067,"2020-04-30"
"356",356,"2020-04-30","UK",16775,89,0.530551415797317,"2020-04-30"
"357",357,"2020-04-30","US",39225,112,0.2855321861058,"2020-04-30"
"358",358,"2020-05-01","other",261760,1329,0.507716992665037,"2020-05-01"
"359",359,"2020-05-01","UK",6134,73,1.19008803390936,"2020-05-01"
"360",360,"2020-05-01","US",18173,133,0.731854949650581,"2020-05-01"
"361",361,"2020-05-02","other",63968,1594,2.49187093546773,"2020-05-02"
"362",362,"2020-05-02","UK",2008,75,3.73505976095618,"2020-05-02"
"363",363,"2020-05-02","US",4868,153,3.1429745275267,"2020-05-02"
"364",364,"2020-05-03","other",117794,2988,2.53663174694806,"2020-05-03"
"365",365,"2020-05-03","UK",3144,180,5.72519083969466,"2020-05-03"
"366",366,"2020-05-03","US",6382,260,4.07395800689439,"2020-05-03"
"367",367,"2020-05-04","other",122976,2682,2.18091334894614,"2020-05-04"
"368",368,"2020-05-04","UK",5146,105,2.04041974349009,"2020-05-04"
"369",369,"2020-05-04","US",8001,216,2.69966254218223,"2020-05-04"
"370",370,"2020-05-05","other",175166,2423,1.38325930831326,"2020-05-05"
"371",371,"2020-05-05","UK",6726,135,2.007136485281,"2020-05-05"
"372",372,"2020-05-05","US",10858,238,2.19193221587769,"2020-05-05"
"373",373,"2020-05-06","other",124451,2861,2.29889675454597,"2020-05-06"
"374",374,"2020-05-06","UK",4387,82,1.86915887850467,"2020-05-06"
"375",375,"2020-05-06","US",10867,284,2.61341676635686,"2020-05-06"
"376",376,"2020-05-07","other",77575,2093,2.69803416048985,"2020-05-07"
"377",377,"2020-05-07","UK",2734,77,2.81638624725677,"2020-05-07"
"378",378,"2020-05-07","US",7529,159,2.11183424093505,"2020-05-07"
"379",379,"2020-05-08","other",117057,383,0.327191026593882,"2020-05-08"
"380",380,"2020-05-08","UK",3442,6,0.174317257408483,"2020-05-08"
"381",381,"2020-05-08","US",8061,41,0.508621759086962,"2020-05-08"
"382",382,"2020-05-09","other",65311,58,0.0888058673117851,"2020-05-09"
"383",383,"2020-05-09","UK",1642,0,0,"2020-05-09"
"384",384,"2020-05-09","US",3931,3,0.0763164589163063,"2020-05-09"
"385",385,"2020-05-10","other",67524,3948,5.8468100231029,"2020-05-10"
"386",386,"2020-05-10","UK",3310,117,3.53474320241692,"2020-05-10"
"387",387,"2020-05-10","US",3578,293,8.18893236444941,"2020-05-10"
"388",388,"2020-05-11","other",75237,2091,2.77921767215599,"2020-05-11"
"389",389,"2020-05-11","UK",3092,86,2.78137128072445,"2020-05-11"
"390",390,"2020-05-11","US",5747,156,2.7144597181138,"2020-05-11"
"391",391,"2020-05-12","other",79256,1820,2.29635611184011,"2020-05-12"
"392",392,"2020-05-12","UK",3079,59,1.91620656057161,"2020-05-12"
"393",393,"2020-05-12","US",6092,155,2.54432042022324,"2020-05-12"
"394",394,"2020-05-13","other",107496,2157,2.00658629158294,"2020-05-13"
"395",395,"2020-05-13","UK",4420,59,1.33484162895928,"2020-05-13"
"396",396,"2020-05-13","US",7770,185,2.38095238095238,"2020-05-13"
"397",397,"2020-05-14","other",84945,2355,2.77238212961328,"2020-05-14"
"398",398,"2020-05-14","UK",2933,144,4.90964882372997,"2020-05-14"
"399",399,"2020-05-14","US",7838,188,2.39857106404695,"2020-05-14"
"400",400,"2020-05-15","other",79118,1970,2.48995171768751,"2020-05-15"
"401",401,"2020-05-15","UK",2850,109,3.82456140350877,"2020-05-15"
"402",402,"2020-05-15","US",6717,155,2.30757778770284,"2020-05-15"
"403",403,"2020-05-16","other",63776,1585,2.48526091319619,"2020-05-16"
"404",404,"2020-05-16","UK",2192,54,2.46350364963504,"2020-05-16"
"405",405,"2020-05-16","US",4189,115,2.74528527094772,"2020-05-16"
"406",406,"2020-05-17","other",299756,1018,0.339609549099935,"2020-05-17"
"407",407,"2020-05-17","UK",9772,35,0.358166189111748,"2020-05-17"
"408",408,"2020-05-17","US",12353,87,0.704282360560188,"2020-05-17"
"409",409,"2020-05-18","other",175735,1225,0.697072296355308,"2020-05-18"
"410",410,"2020-05-18","UK",6541,29,0.443357284818835,"2020-05-18"
"411",411,"2020-05-18","US",10576,91,0.860438729198185,"2020-05-18"
"412",412,"2020-05-19","other",171010,1277,0.746739956727677,"2020-05-19"
"413",413,"2020-05-19","UK",6200,39,0.629032258064516,"2020-05-19"
"414",414,"2020-05-19","US",10499,66,0.628631298218878,"2020-05-19"
"415",415,"2020-05-20","other",169260,1159,0.684745362164717,"2020-05-20"
"416",416,"2020-05-20","UK",5859,41,0.699778119132958,"2020-05-20"
"417",417,"2020-05-20","US",10927,91,0.832799487508008,"2020-05-20"
"418",418,"2020-05-21","other",163488,830,0.5076825210413,"2020-05-21"
"419",419,"2020-05-21","UK",6521,31,0.475387210550529,"2020-05-21"
"420",420,"2020-05-21","US",11100,67,0.603603603603604,"2020-05-21"
"421",421,"2020-05-22","other",161828,1156,0.714338680574437,"2020-05-22"
"422",422,"2020-05-22","UK",6313,36,0.570251861238714,"2020-05-22"
"423",423,"2020-05-22","US",9251,99,1.07015457788347,"2020-05-22"
"424",424,"2020-05-23","other",150005,1200,0.799973334222193,"2020-05-23"
"425",425,"2020-05-23","UK",7232,73,1.00940265486726,"2020-05-23"
"426",426,"2020-05-23","US",8691,76,0.874467840294558,"2020-05-23"
"427",427,"2020-05-24","other",151856,1190,0.783637129912549,"2020-05-24"
"428",428,"2020-05-24","UK",6452,58,0.898946063236206,"2020-05-24"
"429",429,"2020-05-24","US",8318,62,0.745371483529695,"2020-05-24"
"430",430,"2020-05-25","other",153796,861,0.559832505396759,"2020-05-25"
"431",431,"2020-05-25","UK",7113,18,0.253057781526782,"2020-05-25"
"432",432,"2020-05-25","US",8099,77,0.950734658599827,"2020-05-25"
"433",433,"2020-05-26","other",107810,849,0.787496521658473,"2020-05-26"
"434",434,"2020-05-26","UK",5957,25,0.419674332717811,"2020-05-26"
"435",435,"2020-05-26","US",6087,71,1.16642023985543,"2020-05-26"
"436",436,"2020-05-27","other",64482,730,1.13209888030768,"2020-05-27"
"437",437,"2020-05-27","UK",2404,12,0.499168053244592,"2020-05-27"
"438",438,"2020-05-27","US",5634,44,0.780972665956692,"2020-05-27"
"439",439,"2020-05-28","other",66113,737,1.11475806573594,"2020-05-28"
"440",440,"2020-05-28","UK",2964,45,1.51821862348178,"2020-05-28"
"441",441,"2020-05-28","US",5450,46,0.844036697247706,"2020-05-28"
"442",442,"2020-05-29","other",59422,458,0.77075830500488,"2020-05-29"
"443",443,"2020-05-29","UK",2196,18,0.819672131147541,"2020-05-29"
"444",444,"2020-05-29","US",5141,30,0.583544057576347,"2020-05-29"
"445",445,"2020-05-30","other",47781,520,1.08829869613445,"2020-05-30"
"446",446,"2020-05-30","UK",1712,13,0.759345794392523,"2020-05-30"
"447",447,"2020-05-30","US",3471,53,1.52693748199366,"2020-05-30"
"448",448,"2020-05-31","other",49964,435,0.87062685133296,"2020-05-31"
"449",449,"2020-05-31","UK",1885,22,1.16710875331565,"2020-05-31"
"450",450,"2020-05-31","US",3792,55,1.45042194092827,"2020-05-31"
"451",451,"2020-06-01","other",57901,467,0.806549109687225,"2020-06-01"
"452",452,"2020-06-01","UK",2286,19,0.831146106736658,"2020-06-01"
"453",453,"2020-06-01","US",4095,32,0.781440781440781,"2020-06-01"
"454",454,"2020-06-02","other",99635,462,0.463692477543032,"2020-06-02"
"455",455,"2020-06-02","UK",4331,18,0.415608404525514,"2020-06-02"
"456",456,"2020-06-02","US",6813,27,0.396301188903567,"2020-06-02"
"457",457,"2020-06-03","other",146026,444,0.304055442181529,"2020-06-03"
"458",458,"2020-06-03","UK",8239,22,0.267022696929239,"2020-06-03"
"459",459,"2020-06-03","US",7418,45,0.606632515502831,"2020-06-03"
"460",460,"2020-06-04","other",146137,557,0.381149195617811,"2020-06-04"
"461",461,"2020-06-04","UK",7515,24,0.31936127744511,"2020-06-04"
"462",462,"2020-06-04","US",7684,64,0.832899531494014,"2020-06-04"
"463",463,"2020-06-05","other",143626,408,0.284071129182738,"2020-06-05"
"464",464,"2020-06-05","UK",6649,13,0.195518123026019,"2020-06-05"
"465",465,"2020-06-05","US",9301,39,0.419309751639609,"2020-06-05"
"466",466,"2020-06-06","other",137220,491,0.357819559830928,"2020-06-06"
"467",467,"2020-06-06","UK",5692,22,0.386507378777231,"2020-06-06"
"468",468,"2020-06-06","US",7915,52,0.65698041692988,"2020-06-06"
"469",469,"2020-06-07","other",137539,529,0.384618181025018,"2020-06-07"
"470",470,"2020-06-07","UK",5298,18,0.339750849377123,"2020-06-07"
"471",471,"2020-06-07","US",5806,68,1.17120220461591,"2020-06-07"
"472",472,"2020-06-08","other",141624,390,0.275377054736485,"2020-06-08"
"473",473,"2020-06-08","UK",4754,20,0.420698359276399,"2020-06-08"
"474",474,"2020-06-08","US",7112,32,0.449943757030371,"2020-06-08"
"475",475,"2020-06-09","other",142077,353,0.248456822708813,"2020-06-09"
"476",476,"2020-06-09","UK",5090,15,0.294695481335953,"2020-06-09"
"477",477,"2020-06-09","US",7072,18,0.254524886877828,"2020-06-09"
"478",478,"2020-06-10","other",141634,371,0.261942753858537,"2020-06-10"
"479",479,"2020-06-10","UK",5633,27,0.479318302858157,"2020-06-10"
"480",480,"2020-06-10","US",7824,17,0.217280163599182,"2020-06-10"
"481",481,"2020-06-11","other",138954,407,0.292902687220231,"2020-06-11"
"482",482,"2020-06-11","UK",5312,30,0.564759036144578,"2020-06-11"
"483",483,"2020-06-11","US",8514,29,0.340615456894527,"2020-06-11"
"484",484,"2020-06-12","other",137198,942,0.686598930013557,"2020-06-12"
"485",485,"2020-06-12","UK",5373,27,0.50251256281407,"2020-06-12"
"486",486,"2020-06-12","US",8311,96,1.15509565635904,"2020-06-12"
"487",487,"2020-06-13","other",132011,606,0.459052654703017,"2020-06-13"
"488",488,"2020-06-13","UK",5229,24,0.458978772231784,"2020-06-13"
"489",489,"2020-06-13","US",7902,57,0.721336370539104,"2020-06-13"
"490",490,"2020-06-14","other",128402,493,0.38395040575692,"2020-06-14"
"491",491,"2020-06-14","UK",4595,36,0.783460282916213,"2020-06-14"
"492",492,"2020-06-14","US",7796,44,0.564391995895331,"2020-06-14"
"493",493,"2020-06-15","other",137023,1568,1.14433343307328,"2020-06-15"
"494",494,"2020-06-15","UK",5134,28,0.545383716400467,"2020-06-15"
"495",495,"2020-06-15","US",9955,140,1.40632847815168,"2020-06-15"
"496",496,"2020-06-16","other",142846,480,0.336026210044383,"2020-06-16"
"497",497,"2020-06-16","UK",5640,26,0.460992907801418,"2020-06-16"
"498",498,"2020-06-16","US",9695,40,0.412583806085611,"2020-06-16"
"499",499,"2020-06-17","other",90734,1221,1.34569180241144,"2020-06-17"
"500",500,"2020-06-17","UK",3055,38,1.24386252045827,"2020-06-17"
"501",501,"2020-06-17","US",8722,114,1.3070396698005,"2020-06-17"
"502",502,"2020-06-18","other",134427,1246,0.926897126321349,"2020-06-18"
"503",503,"2020-06-18","UK",5591,35,0.626006081201932,"2020-06-18"
"504",504,"2020-06-18","US",8787,110,1.25184932286332,"2020-06-18"
"505",505,"2020-06-19","other",133155,1181,0.88693627727085,"2020-06-19"
"506",506,"2020-06-19","UK",5999,60,1.00016669444907,"2020-06-19"
"507",507,"2020-06-19","US",8769,104,1.18599612270498,"2020-06-19"
"508",508,"2020-06-20","other",134414,462,0.343714196437871,"2020-06-20"
"509",509,"2020-06-20","UK",4531,15,0.331052747737806,"2020-06-20"
"510",510,"2020-06-20","US",10306,60,0.58218513487289,"2020-06-20"
"511",511,"2020-06-21","other",128322,314,0.244696934274715,"2020-06-21"
"512",512,"2020-06-21","UK",4570,13,0.284463894967177,"2020-06-21"
"513",513,"2020-06-21","US",8177,23,0.281276751864987,"2020-06-21"
"514",514,"2020-06-22","other",134167,477,0.355527067013498,"2020-06-22"
"515",515,"2020-06-22","UK",4334,19,0.438394093216428,"2020-06-22"
"516",516,"2020-06-22","US",10139,41,0.404379130091725,"2020-06-22"
"517",517,"2020-06-23","other",140577,295,0.209849406375154,"2020-06-23"
"518",518,"2020-06-23","UK",4602,13,0.282485875706215,"2020-06-23"
"519",519,"2020-06-23","US",11079,23,0.207599963895658,"2020-06-23"
"520",520,"2020-06-24","other",139123,348,0.250138366768974,"2020-06-24"
"521",521,"2020-06-24","UK",5143,13,0.252770756367879,"2020-06-24"
"522",522,"2020-06-24","US",11031,25,0.22663403136615,"2020-06-24"
"523",523,"2020-06-25","other",136113,469,0.344566646830207,"2020-06-25"
"524",524,"2020-06-25","UK",5213,25,0.479570305006714,"2020-06-25"
"525",525,"2020-06-25","US",11571,41,0.354334111139919,"2020-06-25"
"526",526,"2020-06-26","other",87723,493,0.561996283756825,"2020-06-26"
"527",527,"2020-06-26","UK",2476,11,0.444264943457189,"2020-06-26"
"528",528,"2020-06-26","US",11273,38,0.337088618823738,"2020-06-26"
"529",529,"2020-06-27","other",124361,487,0.391601868753066,"2020-06-27"
"530",530,"2020-06-27","UK",4832,23,0.475993377483444,"2020-06-27"
"531",531,"2020-06-27","US",10116,30,0.29655990510083,"2020-06-27"
"532",532,"2020-06-28","other",130881,2558,1.95444716956625,"2020-06-28"
"533",533,"2020-06-28","UK",4088,43,1.05185909980431,"2020-06-28"
"534",534,"2020-06-28","US",10474,278,2.65419133091465,"2020-06-28"
"535",535,"2020-06-29","other",129565,525,0.405202022151044,"2020-06-29"
"536",536,"2020-06-29","UK",4905,15,0.305810397553517,"2020-06-29"
"537",537,"2020-06-29","US",10488,54,0.51487414187643,"2020-06-29"
"538",538,"2020-06-30","other",132445,740,0.558722488580165,"2020-06-30"
"539",539,"2020-06-30","UK",5058,21,0.415183867141162,"2020-06-30"
"540",540,"2020-06-30","US",11046,67,0.606554408835778,"2020-06-30"
"541",541,"2020-07-01","other",131364,580,0.441521269145276,"2020-07-01"
"542",542,"2020-07-01","UK",5892,16,0.271554650373388,"2020-07-01"
"543",543,"2020-07-01","US",11275,72,0.638580931263858,"2020-07-01"
"544",544,"2020-07-02","other",131968,353,0.267489088263822,"2020-07-02"
"545",545,"2020-07-02","UK",5060,15,0.296442687747036,"2020-07-02"
"546",546,"2020-07-02","US",12517,34,0.271630582407925,"2020-07-02"
"547",547,"2020-07-03","other",129653,393,0.303116780946064,"2020-07-03"
"548",548,"2020-07-03","UK",5199,17,0.326985958838238,"2020-07-03"
"549",549,"2020-07-03","US",9977,53,0.531221810163376,"2020-07-03"
"550",550,"2020-07-04","other",124026,354,0.285424023994969,"2020-07-04"
"551",551,"2020-07-04","UK",4867,15,0.308198068625437,"2020-07-04"
"552",552,"2020-07-04","US",9231,28,0.303325750189579,"2020-07-04"
"553",553,"2020-07-05","other",125863,643,0.510872933268713,"2020-07-05"
"554",554,"2020-07-05","UK",5802,29,0.499827645639435,"2020-07-05"
"555",555,"2020-07-05","US",7957,42,0.527837124544426,"2020-07-05"
"556",556,"2020-07-06","other",137697,514,0.373283368555597,"2020-07-06"
"557",557,"2020-07-06","UK",4868,10,0.205423171733772,"2020-07-06"
"558",558,"2020-07-06","US",11048,77,0.696958725561188,"2020-07-06"
"559",559,"2020-07-07","other",146433,562,0.383793270642546,"2020-07-07"
"560",560,"2020-07-07","UK",5105,8,0.156709108716944,"2020-07-07"
"561",561,"2020-07-07","US",11020,49,0.44464609800363,"2020-07-07"
"562",562,"2020-07-08","other",134194,649,0.483628180097471,"2020-07-08"
"563",563,"2020-07-08","UK",4706,7,0.148746281342966,"2020-07-08"
"564",564,"2020-07-08","US",11705,48,0.410081161896625,"2020-07-08"
"565",565,"2020-07-09","other",84683,777,0.917539529775752,"2020-07-09"
"566",566,"2020-07-09","UK",3912,16,0.408997955010225,"2020-07-09"
"567",567,"2020-07-09","US",6735,92,1.36599851521901,"2020-07-09"
"568",568,"2020-07-10","other",134359,1066,0.793396795153283,"2020-07-10"
"569",569,"2020-07-10","UK",4889,13,0.265903047658008,"2020-07-10"
"570",570,"2020-07-10","US",7875,120,1.52380952380952,"2020-07-10"
"571",571,"2020-07-11","other",33450,390,1.16591928251121,"2020-07-11"
"572",572,"2020-07-11","UK",1717,21,1.22306348281887,"2020-07-11"
"573",573,"2020-07-11","US",3203,46,1.43615360599438,"2020-07-11"
"574",574,"2020-07-12","other",99290,519,0.522711249874106,"2020-07-12"
"575",575,"2020-07-12","UK",2735,19,0.694698354661792,"2020-07-12"
"576",576,"2020-07-12","US",5808,35,0.602617079889807,"2020-07-12"
"577",577,"2020-07-13","other",132110,568,0.429944743017183,"2020-07-13"
"578",578,"2020-07-13","UK",2427,23,0.947672023073754,"2020-07-13"
"579",579,"2020-07-13","US",13809,57,0.412774277645014,"2020-07-13"
"580",580,"2020-07-14","other",135527,868,0.640462786013119,"2020-07-14"
"581",581,"2020-07-14","UK",3477,33,0.94909404659189,"2020-07-14"
"582",582,"2020-07-14","US",11783,88,0.746838665874565,"2020-07-14"
"583",583,"2020-07-15","other",128960,1621,1.25697890818859,"2020-07-15"
"584",584,"2020-07-15","UK",4064,57,1.40255905511811,"2020-07-15"
"585",585,"2020-07-15","US",12205,137,1.1224907824662,"2020-07-15"
"586",586,"2020-07-16","other",167021,1316,0.787924871722718,"2020-07-16"
"587",587,"2020-07-16","UK",3595,51,1.41863699582754,"2020-07-16"
"588",588,"2020-07-16","US",17017,131,0.76981841687724,"2020-07-16"
"589",589,"2020-07-17","other",82622,767,0.928324175159159,"2020-07-17"
"590",590,"2020-07-17","UK",2510,27,1.07569721115538,"2020-07-17"
"591",591,"2020-07-17","US",8576,80,0.932835820895522,"2020-07-17"
"592",592,"2020-07-18","other",122789,625,0.509003249476745,"2020-07-18"
"593",593,"2020-07-18","UK",4519,27,0.597477317990706,"2020-07-18"
"594",594,"2020-07-18","US",6768,78,1.15248226950355,"2020-07-18"
"595",595,"2020-07-19","other",127487,555,0.435338505102481,"2020-07-19"
"596",596,"2020-07-19","UK",2273,22,0.967883853937528,"2020-07-19"
"597",597,"2020-07-19","US",8664,41,0.473222530009234,"2020-07-19"
"598",598,"2020-07-20","other",151314,403,0.266333584466738,"2020-07-20"
"599",599,"2020-07-20","UK",3858,24,0.622083981337481,"2020-07-20"
"600",600,"2020-07-20","US",9403,48,0.510475380197809,"2020-07-20"
"601",601,"2020-07-21","other",124638,407,0.326545676278503,"2020-07-21"
"602",602,"2020-07-21","UK",2243,31,1.38207757467677,"2020-07-21"
"603",603,"2020-07-21","US",10260,26,0.253411306042885,"2020-07-21"
"604",604,"2020-07-22","other",111955,222,0.198293957393596,"2020-07-22"
"605",605,"2020-07-22","UK",2800,8,0.285714285714286,"2020-07-22"
"606",606,"2020-07-22","US",8155,25,0.306560392397302,"2020-07-22"
"607",607,"2020-07-23","other",74555,209,0.280329957749313,"2020-07-23"
"608",608,"2020-07-23","UK",1549,10,0.645577792123951,"2020-07-23"
"609",609,"2020-07-23","US",5529,30,0.542593597395551,"2020-07-23"
"610",610,"2020-07-24","other",102967,255,0.247652160400905,"2020-07-24"
"611",611,"2020-07-24","UK",2780,9,0.323741007194245,"2020-07-24"
"612",612,"2020-07-24","US",6827,15,0.219715834187784,"2020-07-24"
"613",613,"2020-07-25","other",57101,364,0.637466944536873,"2020-07-25"
"614",614,"2020-07-25","UK",1036,16,1.54440154440154,"2020-07-25"
"615",615,"2020-07-25","US",3814,12,0.314630309386471,"2020-07-25"
"616",616,"2020-07-26","other",50474,270,0.534928874271902,"2020-07-26"
"617",617,"2020-07-26","UK",799,28,3.50438047559449,"2020-07-26"
"618",618,"2020-07-26","US",4214,22,0.522069292833413,"2020-07-26"
"619",619,"2020-07-27","other",170036,347,0.204074431296902,"2020-07-27"
"620",620,"2020-07-27","UK",4576,18,0.393356643356643,"2020-07-27"
"621",621,"2020-07-27","US",12161,25,0.205575199407943,"2020-07-27"
"622",622,"2020-07-28","other",123410,297,0.240661210598817,"2020-07-28"
"623",623,"2020-07-28","UK",3510,20,0.56980056980057,"2020-07-28"
"624",624,"2020-07-28","US",10640,19,0.178571428571429,"2020-07-28"
"625",625,"2020-07-29","other",119637,377,0.315119904377408,"2020-07-29"
"626",626,"2020-07-29","UK",4316,26,0.602409638554217,"2020-07-29"
"627",627,"2020-07-29","US",8693,12,0.138042102841367,"2020-07-29"
"628",628,"2020-07-30","other",117704,262,0.222592265343574,"2020-07-30"
"629",629,"2020-07-30","UK",4872,15,0.307881773399015,"2020-07-30"
"630",630,"2020-07-30","US",8930,17,0.19036954087346,"2020-07-30"
"631",631,"2020-07-31","other",116214,263,0.226306641196414,"2020-07-31"
"632",632,"2020-07-31","UK",4580,46,1.00436681222707,"2020-07-31"
"633",633,"2020-07-31","US",8638,23,0.266265339198889,"2020-07-31"
"634",634,"2020-08-01","other",112848,575,0.509534949666808,"2020-08-01"
"635",635,"2020-08-01","UK",3336,46,1.378896882494,"2020-08-01"
"636",636,"2020-08-01","US",8329,26,0.312162324408693,"2020-08-01"
"637",637,"2020-08-02","other",112302,464,0.413171626507097,"2020-08-02"
"638",638,"2020-08-02","UK",3785,44,1.16248348745046,"2020-08-02"
"639",639,"2020-08-02","US",6121,31,0.506453193922562,"2020-08-02"
"640",640,"2020-08-03","other",112560,326,0.289623312011372,"2020-08-03"
"641",641,"2020-08-03","UK",4018,19,0.472872075659532,"2020-08-03"
"642",642,"2020-08-03","US",7489,19,0.253705434637468,"2020-08-03"
"643",643,"2020-08-04","other",110644,272,0.245833483966596,"2020-08-04"
"644",644,"2020-08-04","UK",3655,15,0.410396716826265,"2020-08-04"
"645",645,"2020-08-04","US",7038,9,0.127877237851662,"2020-08-04"
"646",646,"2020-08-05","other",110340,392,0.3552655428675,"2020-08-05"
"647",647,"2020-08-05","UK",3963,13,0.328034317436286,"2020-08-05"
"648",648,"2020-08-05","US",6819,27,0.395952485701716,"2020-08-05"
"649",649,"2020-08-06","other",109265,312,0.285544318857823,"2020-08-06"
"650",650,"2020-08-06","UK",3533,22,0.622700254741013,"2020-08-06"
"651",651,"2020-08-06","US",7666,14,0.182624576050091,"2020-08-06"
"652",652,"2020-08-07","other",109957,274,0.249188319070182,"2020-08-07"
"653",653,"2020-08-07","UK",3290,11,0.334346504559271,"2020-08-07"
"654",654,"2020-08-07","US",6968,21,0.301377726750861,"2020-08-07"
"655",655,"2020-08-08","other",107472,416,0.387077564388864,"2020-08-08"
"656",656,"2020-08-08","UK",3543,36,1.01608806096528,"2020-08-08"
"657",657,"2020-08-08","US",6093,22,0.361070080420154,"2020-08-08"
"658",658,"2020-08-09","other",108991,233,0.213779119376829,"2020-08-09"
"659",659,"2020-08-09","UK",3653,22,0.602244730358609,"2020-08-09"
"660",660,"2020-08-09","US",5449,15,0.275279867865663,"2020-08-09"
"661",661,"2020-08-10","other",106262,235,0.221151493478384,"2020-08-10"
"662",662,"2020-08-10","UK",2959,12,0.405542412977357,"2020-08-10"
"663",663,"2020-08-10","US",7212,15,0.207986688851913,"2020-08-10"
"664",664,"2020-08-11","other",111027,299,0.269303863024309,"2020-08-11"
"665",665,"2020-08-11","UK",2854,29,1.01611772950245,"2020-08-11"
"666",666,"2020-08-11","US",5765,8,0.138768430182134,"2020-08-11"
"667",667,"2020-08-12","other",104441,273,0.261391599084651,"2020-08-12"
"668",668,"2020-08-12","UK",5278,23,0.435771125426298,"2020-08-12"
"669",669,"2020-08-12","US",5029,6,0.119308013521575,"2020-08-12"
"670",670,"2020-08-13","other",106134,380,0.358037952022914,"2020-08-13"
"671",671,"2020-08-13","UK",3742,26,0.694815606627472,"2020-08-13"
"672",672,"2020-08-13","US",5315,21,0.395108184383819,"2020-08-13"
"673",673,"2020-08-14","other",104349,455,0.436036761253103,"2020-08-14"
"674",674,"2020-08-14","UK",3218,8,0.248601615910503,"2020-08-14"
"675",675,"2020-08-14","US",5382,11,0.204384986993683,"2020-08-14"
"676",676,"2020-08-15","other",72022,282,0.391547027297215,"2020-08-15"
"677",677,"2020-08-15","UK",1250,14,1.12,"2020-08-15"
"678",678,"2020-08-15","US",3999,7,0.175043760940235,"2020-08-15"
"679",679,"2020-08-16","other",103765,291,0.280441381968872,"2020-08-16"
"680",680,"2020-08-16","UK",3483,22,0.631639391329314,"2020-08-16"
"681",681,"2020-08-16","US",4312,11,0.255102040816327,"2020-08-16"
"682",682,"2020-08-17","other",102473,322,0.31422911401052,"2020-08-17"
"683",683,"2020-08-17","UK",3044,9,0.295663600525624,"2020-08-17"
"684",684,"2020-08-17","US",5670,15,0.264550264550265,"2020-08-17"
"685",685,"2020-08-18","other",101531,412,0.405787394982813,"2020-08-18"
"686",686,"2020-08-18","UK",3022,7,0.231634679020516,"2020-08-18"
"687",687,"2020-08-18","US",6942,8,0.115240564678767,"2020-08-18"
"688",688,"2020-08-19","other",103141,237,0.229782530710387,"2020-08-19"
"689",689,"2020-08-19","UK",3504,6,0.171232876712329,"2020-08-19"
"690",690,"2020-08-19","US",5923,8,0.135066689177782,"2020-08-19"
"691",691,"2020-08-20","other",102225,311,0.304230863291758,"2020-08-20"
"692",692,"2020-08-20","UK",2728,10,0.366568914956012,"2020-08-20"
"693",693,"2020-08-20","US",4729,8,0.169168957496299,"2020-08-20"
"694",694,"2020-08-21","other",105798,316,0.298682394752264,"2020-08-21"
"695",695,"2020-08-21","UK",2824,14,0.495750708215297,"2020-08-21"
"696",696,"2020-08-21","US",4250,9,0.211764705882353,"2020-08-21"
"697",697,"2020-08-22","other",103419,392,0.379040601823649,"2020-08-22"
"698",698,"2020-08-22","UK",3119,15,0.480923372875922,"2020-08-22"
"699",699,"2020-08-22","US",4327,9,0.207996302287959,"2020-08-22"
"700",700,"2020-08-23","other",104312,202,0.193649819771455,"2020-08-23"
"701",701,"2020-08-23","UK",2977,3,0.100772589855559,"2020-08-23"
"702",702,"2020-08-23","US",5256,14,0.266362252663623,"2020-08-23"
"703",703,"2020-08-24","other",104104,272,0.261277184354107,"2020-08-24"
"704",704,"2020-08-24","UK",3090,8,0.258899676375405,"2020-08-24"
"705",705,"2020-08-24","US",4270,5,0.117096018735363,"2020-08-24"
"706",706,"2020-08-25","other",103711,218,0.210199496678269,"2020-08-25"
"707",707,"2020-08-25","UK",3146,7,0.222504767959313,"2020-08-25"
"708",708,"2020-08-25","US",4760,18,0.378151260504202,"2020-08-25"
"709",709,"2020-08-26","other",104087,195,0.187343280140652,"2020-08-26"
"710",710,"2020-08-26","UK",2959,18,0.608313619466036,"2020-08-26"
"711",711,"2020-08-26","US",5911,15,0.253764168499408,"2020-08-26"
"712",712,"2020-08-27","other",105227,845,0.803025839375826,"2020-08-27"
"713",713,"2020-08-27","UK",3115,17,0.545746388443018,"2020-08-27"
"714",714,"2020-08-27","US",5562,11,0.197770586120101,"2020-08-27"
"715",715,"2020-08-28","other",105688,380,0.35954886079782,"2020-08-28"
"716",716,"2020-08-28","UK",2852,4,0.140252454417952,"2020-08-28"
"717",717,"2020-08-28","US",5631,8,0.142070680163381,"2020-08-28"
"718",718,"2020-08-29","other",103284,228,0.22075055187638,"2020-08-29"
"719",719,"2020-08-29","UK",2923,10,0.342114266164899,"2020-08-29"
"720",720,"2020-08-29","US",4397,6,0.136456675005686,"2020-08-29"
"721",721,"2020-08-30","other",104945,576,0.54885892610415,"2020-08-30"
"722",722,"2020-08-30","UK",3557,9,0.253022209727298,"2020-08-30"
"723",723,"2020-08-30","US",5754,65,1.12964893986792,"2020-08-30"
"724",724,"2020-08-31","other",103473,686,0.662974882336455,"2020-08-31"
"725",725,"2020-08-31","UK",3559,10,0.280977802753582,"2020-08-31"
"726",726,"2020-08-31","US",5244,65,1.23951182303585,"2020-08-31"
"727",727,"2020-09-01","other",113902,268,0.235289986128426,"2020-09-01"
"728",728,"2020-09-01","UK",3490,8,0.229226361031519,"2020-09-01"
"729",729,"2020-09-01","US",5918,35,0.591416018925313,"2020-09-01"
"730",730,"2020-09-02","other",102182,332,0.324910453895989,"2020-09-02"
"731",731,"2020-09-02","UK",3282,5,0.152346130408288,"2020-09-02"
"732",732,"2020-09-02","US",6217,29,0.466462924239987,"2020-09-02"
"733",733,"2020-09-03","other",104968,442,0.421080710311714,"2020-09-03"
"734",734,"2020-09-03","UK",3448,11,0.319025522041763,"2020-09-03"
"735",735,"2020-09-03","US",5946,18,0.302724520686176,"2020-09-03"
"736",736,"2020-09-04","other",105860,516,0.487436236538825,"2020-09-04"
"737",737,"2020-09-04","UK",3316,7,0.211097708082027,"2020-09-04"
"738",738,"2020-09-04","US",4827,44,0.911539258338512,"2020-09-04"
"739",739,"2020-09-05","other",105436,237,0.224780909746197,"2020-09-05"
"740",740,"2020-09-05","UK",3890,4,0.102827763496144,"2020-09-05"
"741",741,"2020-09-05","US",4184,10,0.239005736137667,"2020-09-05"
"742",742,"2020-09-06","other",105705,787,0.744524856913107,"2020-09-06"
"743",743,"2020-09-06","UK",3695,11,0.297699594046008,"2020-09-06"
"744",744,"2020-09-06","US",3770,76,2.0159151193634,"2020-09-06"
"745",745,"2020-09-07","other",102699,383,0.372934497901635,"2020-09-07"
"746",746,"2020-09-07","UK",4890,8,0.16359918200409,"2020-09-07"
"747",747,"2020-09-07","US",5131,27,0.52621321379848,"2020-09-07"
"748",748,"2020-09-08","other",102890,1751,1.70181747497327,"2020-09-08"
"749",749,"2020-09-08","UK",5104,25,0.489811912225705,"2020-09-08"
"750",750,"2020-09-08","US",5197,188,3.61747161824129,"2020-09-08"
"751",751,"2020-09-09","other",103003,1048,1.01744609380309,"2020-09-09"
"752",752,"2020-09-09","UK",6858,21,0.306211723534558,"2020-09-09"
"753",753,"2020-09-09","US",6462,82,1.26895697926339,"2020-09-09"
"754",754,"2020-09-10","other",102279,380,0.371532768212439,"2020-09-10"
"755",755,"2020-09-10","UK",4754,7,0.14724442574674,"2020-09-10"
"756",756,"2020-09-10","US",6811,23,0.337689032447511,"2020-09-10"
"757",757,"2020-09-11","other",98517,233,0.236507404813382,"2020-09-11"
"758",758,"2020-09-11","UK",4746,15,0.316055625790139,"2020-09-11"
"759",759,"2020-09-11","US",5627,4,0.0710858361471477,"2020-09-11"
"760",760,"2020-09-12","other",96534,299,0.309735430003936,"2020-09-12"
"761",761,"2020-09-12","UK",4238,10,0.235960358659745,"2020-09-12"
"762",762,"2020-09-12","US",4923,12,0.24375380865326,"2020-09-12"
"763",763,"2020-09-13","other",97153,84,0.0864615606311694,"2020-09-13"
"764",764,"2020-09-13","UK",4497,4,0.088948187680676,"2020-09-13"
"765",765,"2020-09-13","US",4916,6,0.122050447518308,"2020-09-13"
"766",766,"2020-09-14","other",65495,45,0.0687075349263302,"2020-09-14"
"767",767,"2020-09-14","UK",3524,0,0,"2020-09-14"
"768",768,"2020-09-14","US",2477,0,0,"2020-09-14"
